{
  "sup": [
    1.3654201030731201,
    1.3500275909900665,
    1.3246067464351654,
    1.2605259120464325,
    1.138686627149582,
    1.0238385945558548,
    0.892634853720665,
    0.8039561659097672,
    0.6874970495700836,
    0.6593225449323654,
    1.1711825281381607,
    1.1078411489725113,
    1.6340588182210922,
    2.8569072484970093,
    1.4936419576406479,
    1.7345450818538666,
    1.487036108970642,
    1.7591978907585144,
    1.214218482375145,
    1.3018247485160828,
    1.362452656030655,
    1.1340373754501343,
    1.0844716131687164,
    1.0408378839492798,
    1.0397612750530243,
    1.0030086934566498,
    0.8463819772005081,
    0.8360598534345627,
    0.8324229419231415,
    0.8347667455673218,
    0.8153354376554489,
    0.7048706114292145,
    0.9351349472999573,
    0.9052721261978149,
    1.1156844347715378,
    0.8778943866491318,
    0.740138053894043,
    0.705606997013092,
    0.9442339837551117,
    0.8081926852464676,
    0.8274159133434296,
    0.8466339409351349,
    0.7285420000553131,
    0.7088549360632896,
    0.7595599591732025,
    0.8411794751882553,
    0.6860198527574539,
    0.8800162076950073,
    0.7651987969875336,
    0.6043654680252075,
    0.6286543980240822,
    0.7483526766300201,
    0.7496590465307236,
    0.6301920562982559,
    0.7987741976976395,
    0.8553395867347717,
    0.7678245007991791,
    0.8127196878194809,
    0.6994271278381348,
    0.7913508713245392,
    0.8270798325538635,
    0.8081466406583786,
    0.8609604835510254,
    0.6343556642532349,
    0.9269846975803375,
    0.816575288772583,
    0.8046666830778122,
    0.7086893618106842,
    0.8274998217821121,
    0.8371922969818115,
    0.7864833921194077,
    0.7074325531721115,
    0.804645910859108,
    0.6690438389778137,
    0.8650503307580948,
    0.9851976186037064,
    0.8951701521873474,
    1.2445972859859467,
    1.0671709328889847,
    0.7621575146913528,
    1.1346432715654373,
    1.2913262695074081,
    1.2024163454771042,
    1.178765669465065,
    0.7304867953062057,
    1.0444802641868591,
    0.8714596927165985,
    1.1526988446712494,
    0.8352032452821732,
    0.7913611233234406,
    0.8793739378452301,
    0.9422751665115356,
    0.7553593218326569,
    0.7105831205844879,
    0.8048966526985168,
    0.7850570976734161,
    0.7832463979721069,
    0.75837442278862,
    0.6272485256195068,
    0.6913821995258331
  ],
  "pl": [
    0.0,
    0.0,
    0.0,
    0.0,
    0.0,
    0.0,
    0.0,
    0.0,
    0.0,
    0.0,
    0.04746176861226559,
    0.04852638253942132,
    0.04761346150189638,
    0.07638707617297769,
    0.027199734235182405,
    0.08030630648136139,
    0.03441560920327902,
    0.0868039708584547,
    0.06738423090428114,
    0.04536792170256376,
    0.05088901426643133,
    0.06380100175738335,
    0.08501303754746914,
    0.07182574085891247,
    0.061243193224072456,
    0.058183932676911354,
    0.05518382880836725,
    0.047546801157295704,
    0.0433803079649806,
    0.03469036752358079,
    0.030499743297696114,
    0.020766308065503836,
    0.028370356187224388,
    0.026451648212969303,
    0.025562128284946084,
    0.028439922258257866,
    0.030682703480124474,
    0.023628707975149155,
    0.016451297095045447,
    0.026971527375280857,
    0.018244535895064473,
    0.012233145767822862,
    0.01697090663947165,
    0.01886722049675882,
    0.019049328286200762,
    0.015121105825528502,
    0.014829276828095317,
    0.015789186814799905,
    0.015257999300956726,
    0.017303864937275648,
    0.01410498982295394,
    0.012365747126750648,
    0.011536342790350318,
    0.012737715383991599,
    0.017633586656302214,
    0.013958392664790154,
    0.017097996780648828,
    0.022681894479319453,
    0.014891182072460651,
    0.01256473595276475,
    0.013333419570699334,
    0.01894448045641184,
    0.02500598458573222,
    0.019100460689514875,
    0.012388817267492414,
    0.012149698566645384,
    0.017599993152543902,
    0.013279137667268515,
    0.012908248463645577,
    0.012925950344651937,
    0.014004248194396496,
    0.018746941117569804,
    0.020509984577074647,
    0.013327012537047267,
    0.014843054581433535,
    0.02226374391466379,
    0.033781920094043016,
    0.028910803608596325,
    0.024896197486668825,
    0.02274389937520027,
    0.04766182787716389,
    0.01029162760823965,
    0.021877302788197994,
    0.03267628280445933,
    0.030341699719429016,
    0.04099163133651018,
    0.013371456181630492,
    0.021833933889865875,
    0.016779979458078742,
    0.021769007667899132,
    0.02409581607207656,
    0.01880207029171288,
    0.019971922039985657,
    0.018932443810626864,
    0.017193950014188886,
    0.016202356899157166,
    0.014669662807136774,
    0.01575310528278351,
    0.01310311141423881,
    0.013127145357429981
  ],
  "con": [
    4.881309986114502,
    4.841250419616699,
    4.871142029762268,
    4.8082252740859985,
    4.967011094093323,
    4.8929444551467896,
    4.987887382507324,
    4.936100244522095,
    4.830997705459595,
    4.807562947273254,
    5.0189714431762695,
    5.247537612915039,
    5.1084513664245605,
    5.052405118942261,
    5.054404258728027,
    5.162810325622559,
    6.398827314376831,
    5.788314342498779,
    5.9943084716796875,
    5.683265566825867,
    5.3246718645095825,
    5.295690059661865,
    5.332185983657837,
    5.267337203025818,
    5.335132718086243,
    5.278372883796692,
    5.118991851806641,
    5.105274558067322,
    5.183120846748352,
    5.221505403518677,
    5.200032591819763,
    5.0788856744766235,
    5.195103883743286,
    5.085975289344788,
    5.163841962814331,
    4.971168518066406,
    4.886553525924683,
    4.881656050682068,
    4.995032429695129,
    4.933248162269592,
    4.959029912948608,
    4.960097670555115,
    4.881451606750488,
    4.853004574775696,
    4.88711941242218,
    4.913840055465698,
    4.853499531745911,
    4.9042640924453735,
    4.86584210395813,
    4.807344555854797,
    4.808391809463501,
    4.874080181121826,
    4.897594928741455,
    4.804495573043823,
    4.887391805648804,
    4.876543045043945,
    4.871093153953552,
    4.882448434829712,
    4.843991279602051,
    4.869815707206726,
    4.862561106681824,
    4.882507801055908,
    4.887956261634827,
    4.812157511711121,
    4.938636064529419,
    4.896740198135376,
    4.859032511711121,
    4.834070205688477,
    4.855742454528809,
    4.886416792869568,
    4.86319363117218,
    4.844791650772095,
    4.868173003196716,
    4.828567266464233,
    4.8848021030426025,
    4.874111175537109,
    4.898115873336792,
    4.871685028076172,
    4.930356860160828,
    4.860023498535156,
    4.87026309967041,
    5.013339638710022,
    4.9593634605407715,
    4.92160701751709,
    4.862847566604614,
    4.92797577381134,
    4.929750323295593,
    5.038270711898804,
    4.949339509010315,
    4.893372893333435,
    4.9066643714904785,
    4.963677883148193,
    4.873617887496948,
    4.848989009857178,
    4.9055808782577515,
    4.891913414001465,
    4.8884357213974,
    4.87852931022644,
    4.828329086303711,
    4.832068681716919
  ],