{
  "folds": 1,
  "avg_acc": 0.6402877697841727,
  "std_acc": 0.0,
  "avg_f1": 0.6666666666666666,
  "std_f1": 0.0,
  "details": [
    {
      "loss": 0.8186697754070913,
      "acc": 0.6402877697841727,
      "f1": 0.6666666666666666,
      "auc": 0.7166666666666667,
      "cm": [
        [
          39,
          21
        ],
        [
          29,
          50
        ]
      ]
    }
  ]
}