{
  "sup": [
    1.3862240314483643,
    1.437595009803772,
    1.4005441665649414,
    1.4006187915802002,
    1.367569923400879,
    1.340660572052002,
    1.3025853633880615,
    1.3233397006988525,
    1.3146977424621582,
    1.268470048904419,
    1.2711529731750488,
    1.270714521408081,
    1.231740117073059,
    1.1406469345092773,
    1.16425621509552,
    1.0197367668151855,
    1.0547029972076416,
    1.0269696712493896,
    0.9303553104400635,
    0.9344296455383301,
    0.9462929368019104,
    0.9599537253379822,
    0.8829578757286072,
    0.892288088798523,
    0.7130349278450012,
    0.8312351703643799,
    0.8285272121429443,
    0.8163347244262695,
    0.9134509563446045,
    0.7656837105751038,
    0.8239505887031555,
    0.8584173917770386,
    0.720003604888916,
    0.7678461074829102,
    0.5228637456893921,
    1.0445345640182495,
    0.8305990695953369,
    0.8109018802642822,
    0.7284064292907715,
    0.5972110629081726,
    0.6449388861656189,
    0.7133535146713257,
    0.6742520928382874,
    1.069132685661316,
    0.6657164096832275,
    0.690153956413269,
    0.7286738753318787,
    0.5153297185897827,
    0.7517144680023193,
    0.7302855253219604
  ],
  "pl": [
    0.34227707982063293,
    0.29704153537750244,
    0.3093395233154297,
    0.3125901222229004,
    0.3269551694393158,
    0.31861311197280884,
    0.30082935094833374,
    0.27340683341026306,
    0.2672688961029053,
    0.2774788439273834,
    0.2815921902656555,
    0.2603146433830261,
    0.27294662594795227,
    0.2586749494075775,
    0.23333430290222168,
    0.21439625322818756,
    0.18685224652290344,
    0.1860547959804535,
    0.17382073402404785,
    0.17740415036678314,
    0.15801766514778137,
    0.13970446586608887,
    0.14847233891487122,
    0.1519167274236679,
    0.13699108362197876,
    0.11236102879047394,
    0.11367646604776382,
    0.10203392058610916,
    0.10803281515836716,
    0.09039204567670822,
    0.08492925763130188,
    0.08598848432302475,
    0.07362302392721176,
    0.08487412333488464,
    0.0815059095621109,
    0.06178007274866104,
    0.08294260501861572,
    0.0833030641078949,
    0.0800667405128479,
    0.08072249591350555,
    0.06881063431501389,
    0.05915810167789459,
    0.07882910966873169,
    0.07900576293468475,
    0.08849285542964935,
    0.0671287402510643,
    0.09365368634462357,
    0.07559914886951447,
    0.0739097073674202,
    0.08620990067720413
  ],
  "con": [
    5.0631818771362305,
    5.018386363983154,
    5.057914733886719,
    5.0040764808654785,
    5.038051605224609,
    5.147284507751465,
    5.279294490814209,
    5.071195602416992,
    5.020275592803955,
    5.1390380859375,
    5.261194229125977,
    5.4574127197265625,
    5.460218906402588,
    4.941988468170166,
    5.197148323059082,
    5.365325927734375,
    5.915387153625488,
    5.706888198852539,
    5.529747009277344,
    5.330498218536377,
    5.377882480621338,
    5.717054843902588,
    5.442270755767822,
    5.469658851623535,
    5.149603843688965,
    5.285654544830322,
    5.519003391265869,
    5.272450923919678,
    5.262665748596191,
    5.125609397888184,
    5.225724220275879,
    5.198909282684326,
    5.012127876281738,
    4.938526153564453,
    4.866272449493408,
    5.194242000579834,
    5.2598042488098145,
    5.133123397827148,
    4.9933881759643555,
    4.8526129722595215,
    4.887993335723877,
    5.0081305503845215,
    4.953733444213867,
    5.290564060211182,
    4.946781158447266,
    4.916566371917725,
    4.951064109802246,
    4.779154300689697,
    4.9561896324157715,
    4.962666988372803
  ],
  "pl_ratio": [
    0.296875,
    0.359375,
    0.484375,
    0.375,
    0.453125,
    0.578125,
    0.375,
    0.25,
    0.25,
    0.296875,
    0.53125,
    0.671875,
    0.5625,
    0.484375,
    0.375,
    0.421875,
    0.625,
    0.5625,
    0.578125,
    0.5,
    0.53125,
    0.546875,
    0.5625,
    0.53125,
    0.625,
    0.59375,
    0.5625,
    0.453125,
    0.453125,
    0.53125,
    0.546875,
    0.515625,
    0.640625,
    0.53125,
    0.640625,
    0.53125,
    0.671875,
    0.59375,
    0.609375,
    0.484375,
    0.53125,
    0.546875,
    0.59375,
    0.71875,
    0.484375,
    0.59375,
    0.578125,
    0.59375,
    0.65625,
    0.59375
  ]
}