{
  "sup": [
    1.3862240314483643,
    1.4564399719238281,
    1.4656704664230347,
    1.5465507507324219,
    1.5321917533874512,
    1.633204698562622,
    1.6613759994506836,
    1.654780387878418,
    1.7002240419387817,
    1.7658607959747314,
    1.6435449123382568,
    1.687394618988037,
    1.573084831237793,
    1.468036413192749,
    1.4437892436981201,
    1.4003455638885498,
    1.3767855167388916,
    1.3523263931274414,
    1.267249345779419,
    1.2735577821731567,
    1.342470407485962,
    1.263866901397705,
    1.2122217416763306,
    1.1322271823883057,
    1.0585744380950928,
    1.2904695272445679,
    1.2040231227874756,
    1.0208241939544678,
    1.0086151361465454,
    1.1818128824234009,
    1.1018973588943481,
    0.9934470057487488,
    0.8826640248298645,
    0.7780889868736267,
    0.9698241949081421,
    1.2749589681625366,
    1.0314034223556519,
    0.9435954093933105,
    0.869072675704956,
    0.8205606341362,
    1.1034568548202515,
    0.8332359194755554,
    0.8691245913505554,
    1.340791940689087,
    0.7346388697624207,
    0.8196706771850586,
    0.9246514439582825,
    0.6227403879165649,
    0.8345118761062622,
    0.7315546274185181,
    0.6347603797912598,
    0.7742525339126587,
    0.6258423924446106,
    0.8962476253509521,
    0.8745992183685303,
    0.48000505566596985,
    0.7322546243667603,
    0.7470111846923828,
    0.6447390913963318,
    0.7882208824157715,
    0.8942999839782715,
    1.0328458547592163,
    0.7394945621490479,
    0.7103427648544312,
    0.5032278299331665,
    0.44872021675109863,
    0.4444481134414673,
    0.7009544968605042,
    0.5997052192687988,
    1.1548488140106201,
    0.9310919046401978,
    0.5373313426971436,
    1.0000635385513306,
    0.6974284052848816,
    0.7253537774085999,
    0.8675622344017029,
    0.6060386896133423,
    0.6561751365661621,
    0.8646117448806763,
    0.9401721954345703,
    0.7955235242843628,
    0.8333688378334045,
    0.858423113822937,
    0.9763467311859131,
    1.1527736186981201,
    0.755408525466919,
    0.875096321105957,
    0.7225249409675598,
    0.6077802777290344,
    0.9265963435173035,
    1.0373272895812988,
    0.6943369507789612,
    0.871896505355835,
    0.6484833359718323,
    0.6431387662887573,
    0.7635133266448975,
    0.7738728523254395,
    1.006972074508667,
    0.8490999937057495,
    0.6094006299972534
  ],
  "pl": [
    0.34227707982063293,
    0.28658634424209595,
    0.25999876856803894,
    0.24472175538539886,
    0.23029725253582,
    0.2148713320493698,
    0.19954955577850342,
    0.18845024704933167,
    0.17827552556991577,
    0.17267683148384094,
    0.1692127138376236,
    0.17228157818317413,
    0.1801704466342926,
    0.1798473298549652,
    0.17027348279953003,
    0.15363629162311554,
    0.15844370424747467,
    0.19340254366397858,
    0.17747291922569275,
    0.19291365146636963,
    0.16537940502166748,
    0.1666252613067627,
    0.17104123532772064,
    0.16870886087417603,
    0.16942885518074036,
    0.11014008522033691,
    0.12355160713195801,
    0.18151532113552094,
    0.14053913950920105,
    0.07913441210985184,
    0.08021032065153122,
    0.11525475233793259,
    0.11366305500268936,
    0.09845711290836334,
    0.046856701374053955,
    0.0541849248111248,
    0.08583623915910721,
    0.09596765786409378,
    0.08907832950353622,
    0.05921734496951103,
    0.03886619210243225,
    0.05800653621554375,
    0.05430281162261963,
    0.05161255598068237,
    0.07598458975553513,
    0.05378474295139313,
    0.05750161409378052,
    0.04635278508067131,
    0.0791817456483841,
    0.05646989122033119,
    0.043676942586898804,
    0.02816822938621044,
    0.03512726351618767,
    0.025594575330615044,
    0.02183997817337513,
    0.023519547656178474,
    0.03345147892832756,
    0.032901063561439514,
    0.04541110247373581,
    0.038534000515937805,
    0.03614889457821846,
    0.03878483921289444,
    0.052717022597789764,
    0.045072849839925766,
    0.049525097012519836,
    0.04044964164495468,
    0.021921420469880104,
    0.020644692704081535,
    0.014078650623559952,
    0.013478362932801247,
    0.012804784812033176,
    0.020667215809226036,
    0.030711423605680466,
    0.02797832526266575,
    0.030870502814650536,
    0.04373793303966522,
    0.032207705080509186,
    0.05291551351547241,
    0.04018190875649452,
    0.04404178261756897,
    0.051008619368076324,
    0.040265295654535294,
    0.0329081155359745,
    0.05005263164639473,
    0.03911946341395378,
    0.023122504353523254,
    0.05097520351409912,
    0.04227706789970398,
    0.02463521994650364,
    0.026921799406409264,
    0.03482992574572563,
    0.026854246854782104,
    0.04354448243975639,
    0.05028105899691582,
    0.03463992476463318,
    0.035491228103637695,
    0.024059973657131195,
    0.030980994924902916,
    0.02222410961985588,
    0.032746877521276474
  ],
  "con": [
    5.0631818771362305,
    5.012838840484619,
    5.06326150894165,
    5.018121242523193,
    5.0150580406188965,
    4.973982334136963,
    5.000761985778809,
    5.036770820617676,
    5.037186622619629,
    5.05695104598999,
    4.99936056137085,
    5.0372185707092285,
    5.026133060455322,
    4.985673904418945,
    5.395351409912109,
    5.466944217681885,
    5.5421319007873535,
    5.226417541503906,
    5.121579170227051,
    5.115787506103516,
    5.315526485443115,
    5.464097499847412,
    5.474785327911377,
    5.286688327789307,
    5.192022323608398,
    5.278099060058594,
    5.320670127868652,
    5.203052043914795,
    5.224495887756348,
    5.297325611114502,
    5.303624629974365,
    5.259191513061523,
    5.1943769454956055,
    5.0752363204956055,
    5.200075626373291,
    5.325653553009033,
    5.322747230529785,
    5.079268455505371,
    5.061048984527588,
    4.951841831207275,
    4.961283206939697,
    5.030068397521973,
    5.040823459625244,
    5.337000846862793,
    4.96580696105957,
    4.99172306060791,
    5.074639320373535,
    4.840517520904541,
    5.008727073669434,
    4.906040191650391,
    4.873557090759277,
    4.930644512176514,
    4.880874156951904,
    5.089512348175049,
    5.074028015136719,
    4.804285049438477,
    4.897762298583984,
    4.944395065307617,
    4.828578472137451,
    4.933077335357666,
    4.994444370269775,
    5.034646511077881,
    4.906501293182373,
    4.895133972167969,
    4.810005187988281,
    4.763319969177246,
    4.767204284667969,
    4.943807125091553,
    4.9140191078186035,
    5.197428226470947,
    5.0463643074035645,
    4.852543354034424,
    5.072096824645996,
    4.880970001220703,
    4.888570308685303,
    4.9735026359558105,
    4.836534023284912,
    4.8799967765808105,
    4.914522171020508,
    4.9758172035217285,
    4.9034504890441895,
    4.879523754119873,
    4.9171271324157715,
    4.975048542022705,
    4.945026874542236,
    4.849703311920166,
    4.862107276916504,
    4.8271379470825195,
    4.852293968200684,
    4.975394248962402,
    4.99364709854126,
    4.879481792449951,
    4.946693420410156,
    4.8102521896362305,
    4.851181507110596,
    4.8918375968933105,
    4.9014811515808105,
    4.955899715423584,
    4.91861629486084,
    4.830285549163818
  ],