{
  "sup": [
    1.3808395564556122,
    1.3647189736366272,
    1.359364241361618,
    1.3631469309329987,
    1.3599755764007568,
    1.3542906045913696,
    1.3555435538291931,
    1.346121370792389,
    1.3294165432453156,
    1.3044596016407013,
    1.2763103544712067,
    1.289406657218933,
    1.397312730550766,
    1.4609633088111877,
    1.4364779889583588,
    1.3905102014541626,
    1.3124187886714935,
    1.1729440093040466,
    1.1695723235607147,
    1.1258955299854279,
    1.1338141858577728,
    1.2282885313034058,
    1.0782899856567383,
    1.1224717497825623,
    1.1243784129619598,
    1.0283057689666748,
    1.2135291695594788,
    1.3817026317119598,
    1.3081359267234802,
    1.0621942579746246,
    1.0873352885246277,
    1.0843923538923264,
    1.0765994191169739,
    1.0237333178520203,
    1.3006961941719055,
    1.2158981561660767,
    1.0310923159122467,
    0.952063649892807,
    1.0771734714508057,
    0.956659346818924,
    0.9458860903978348,
    1.07655468583107,
    0.9842977672815323,
    0.8524214774370193,
    0.8940213769674301,
    0.86948062479496,
    0.8517449498176575,
    1.0152812749147415,
    0.8653958886861801,
    0.8143675476312637,
    0.7759967893362045,
    0.8758509159088135,
    0.9459008127450943,
    0.7182750850915909,
    0.7965613454580307,
    0.8155447691679001,
    0.9493909329175949,
    1.1373878717422485,
    0.8479979932308197,
    0.9685433804988861,
    0.8579472452402115,
    0.9464623034000397,
    1.1547051072120667,
    0.8846601843833923,
    0.8923985809087753,
    0.8866787999868393,
    0.8307449817657471,
    0.8330803066492081,
    0.917889416217804,
    0.9265940934419632,
    0.847595751285553,
    0.785620391368866,
    0.8114836364984512,
    0.8390717208385468,
    0.8078055679798126,
    0.7580675184726715,
    0.7629042714834213,
    0.7923411577939987,
    0.8998200595378876,
    0.6984038650989532,
    0.7665925025939941,
    0.8649595975875854,
    0.8456979542970657,
    0.7608339637517929,
    0.646804966032505,
    0.80384261906147,
    0.7506954967975616,
    0.7429594993591309,
    0.7771680355072021,
    0.687859833240509,
    0.7553482800722122,
    0.8199006468057632,
    0.6955318599939346,
    0.6477047204971313,
    0.7224238216876984,
    0.7256760448217392,
    0.7187473028898239,
    0.7071717828512192,
    0.6326512545347214,
    0.6891545802354813
  ],
  "pl": [
    0.0,
    0.0,
    0.0,
    0.0,
    0.0,
    0.0,
    0.0,
    0.0,
    0.0,
    0.0,
    0.30965833365917206,
    0.2924809530377388,
    0.2613164111971855,
    0.24638593941926956,
    0.23737570643424988,
    0.23152483627200127,
    0.25055889040231705,
    0.254229087382555,
    0.2313695102930069,
    0.2218303419649601,
    0.20263158902525902,
    0.21085383743047714,
    0.21858318522572517,
    0.18805499002337456,
    0.19396212697029114,
    0.1761895790696144,
    0.15157755836844444,
    0.14357462897896767,
    0.15888962894678116,
    0.16388853266835213,
    0.1434963196516037,
    0.15024686977267265,
    0.13991793617606163,
    0.12501360662281513,
    0.11511266976594925,
    0.1311059072613716,
    0.12567302398383617,
    0.11313111707568169,
    0.10727819241583347,
    0.10994699783623219,
    0.09730546362698078,
    0.10246023535728455,
    0.10138761252164841,
    0.09753271378576756,
    0.08618639782071114,
    0.09350452572107315,
    0.07954126968979836,
    0.07487382367253304,
    0.08328072167932987,
    0.0743456743657589,
    0.07798789255321026,
    0.06241058185696602,
    0.06295751221477985,
    0.06844300962984562,
    0.05795417632907629,
    0.06616752780973911,
    0.05489230155944824,
    0.06814176309853792,
    0.06043571047484875,
    0.05888901650905609,
    0.06389882043004036,
    0.04416024358943105,
    0.055668579414486885,
    0.05590450577437878,
    0.04995863791555166,
    0.05660360865294933,
    0.05304234102368355,
    0.04142606956884265,
    0.0449607502669096,
    0.04987220373004675,
    0.04411614499986172,
    0.04711461905390024,
    0.04505307413637638,
    0.04040464572608471,
    0.03723925771191716,
    0.03941941633820534,
    0.03932396462187171,
    0.034453303553164005,
    0.03578608436509967,
    0.038297779858112335,
    0.03528523351997137,
    0.029309936333447695,
    0.030586671084165573,
    0.032351778354495764,
    0.028932875487953424,
    0.02543956506997347,
    0.025076522957533598,
    0.028521669562906027,
    0.02379927970468998,
    0.027019259985536337,
    0.023288513999432325,
    0.026504375506192446,
    0.026234800461679697,
    0.023421553429216146,
    0.020741491112858057,
    0.02165081026032567,
    0.02699947776272893,
    0.022164370864629745,
    0.019311747513711452,
    0.018113812431693077
  ],
  "con": [
    4.9120707511901855,
    4.8602951765060425,
    4.8534098863601685,
    4.848248720169067,
    4.846906065940857,
    4.842381596565247,
    4.83556056022644,
    4.839116096496582,
    4.845067381858826,
    4.821924924850464,
    4.994651913642883,
    5.512635707855225,
    5.244464039802551,
    5.029106140136719,
    4.92984926700592,
    4.908663749694824,
    5.185694575309753,
    5.466708183288574,
    5.698691129684448,
    5.978281259536743,
    5.700084805488586,
    5.462503910064697,
    5.466274619102478,
    5.274052858352661,
    5.370690941810608,
    6.039135694503784,
    5.7614312171936035,
    5.655805706977844,
    5.585752367973328,
    5.719712615013123,
    5.475404620170593,
    5.419196128845215,
    6.013016939163208,
    5.902961015701294,
    5.90953254699707,
    5.542231202125549,
    5.685866713523865,
    5.695276737213135,
    5.787530779838562,
    5.714331388473511,
    5.745072960853577,
    5.600878477096558,
    5.488597393035889,
    5.505751371383667,
    5.632679581642151,
    5.627990007400513,
    5.547725439071655,
    5.664912462234497,
    5.517103433609009,
    5.406515836715698,
    5.35079550743103,
    5.534134030342102,
    5.453688740730286,
    5.375513195991516,
    5.4950679540634155,
    5.520954847335815,
    5.518018364906311,
    5.411584973335266,
    5.321362257003784,
    5.341031074523926,
    5.328182578086853,
    5.531616449356079,
    5.463233947753906,
    5.26517379283905,
    5.371442675590515,
    5.359414219856262,
    5.314588665962219,
    5.276184558868408,
    5.354840278625488,
    5.431283235549927,
    5.31710422039032,
    5.218364953994751,
    5.246167540550232,
    5.226233243942261,
    5.307382702827454,
    5.249444007873535,
    5.256402969360352,
    5.253857254981995,
    5.300744414329529,
    5.054912686347961,
    5.122973918914795,
    5.253525614738464,
    5.25349497795105,
    5.135033130645752,
    5.034357070922852,
    5.225523114204407,
    5.1139620542526245,
    5.1046226024627686,
    5.105127334594727,
    5.038004040718079,
    5.1323002576828,
    5.174088478088379,
    5.018259286880493,
    5.026631712913513,
    5.130835175514221,
    5.068945646286011,
    5.01573920249939,
    5.014854669570923,
    5.011274576187134,
    5.063878178596497
  ],