{
  "folds": 1,
  "avg_acc": 0.6834532374100719,
  "std_acc": 0.0,
  "avg_f1": 0.717948717948718,
  "std_f1": 0.0,
  "details": [
    {
      "loss": 0.7698130538995317,
      "acc": 0.6834532374100719,
      "f1": 0.717948717948718,
      "auc": 0.7470464135021097,
      "cm": [
        [
          39,
          21
        ],
        [
          23,
          56
        ]
      ]
    }
  ]
}