{
  "folds": 3,
  "avg_acc": 0.6498649501451471,
  "std_acc": 0.05033434722934821,
  "avg_f1": 0.6758186437835597,
  "std_f1": 0.07946584828038411,
  "details": [
    {
      "loss": 0.7555881266971286,
      "acc": 0.6906474820143885,
      "f1": 0.7261146496815286,
      "auc": 0.7364978902953586,
      "cm": [
        [
          39,
          21
        ],
        [
          22,
          57
        ]
      ]
    },
    {
      "loss": 0.9501424407958985,
      "acc": 0.68,
      "f1": 0.7377049180327869,
      "auc": 0.6887175324675325,
      "cm": [
        [
          23,
          21
        ],
        [
          11,
          45
        ]
      ]
    },
    {
      "loss": 1.0599415093137508,
      "acc": 0.5789473684210527,
      "f1": 0.5636363636363636,
      "auc": 0.6433239962651728,
      "cm": [
        [
          35,
          28
        ],
        [
          20,
          31
        ]
      ]
    }
  ]
}