{
  "folds": 3,
  "avg_acc": 0.6531982834784804,
  "std_acc": 0.052503990949188804,
  "avg_f1": 0.6915933624702412,
  "std_f1": 0.07016091046143297,
  "details": [
    {
      "loss": 0.7576299982962849,
      "acc": 0.6906474820143885,
      "f1": 0.7295597484276729,
      "auc": 0.7356540084388186,
      "cm": [
        [
          38,
          22
        ],
        [
          21,
          58
        ]
      ]
    },
    {
      "loss": 0.9417709541320801,
      "acc": 0.69,
      "f1": 0.752,
      "auc": 0.713474025974026,
      "cm": [
        [
          22,
          22
        ],
        [
          9,
          47
        ]
      ]
    },
    {
      "loss": 1.0528227153577303,
      "acc": 0.5789473684210527,
      "f1": 0.5932203389830508,
      "auc": 0.6402116402116402,
      "cm": [
        [
          31,
          32
        ],
        [
          16,
          35
        ]
      ]
    }
  ]
}