{
  "folds": 3,
  "avg_acc": 0.6104438554419622,
  "std_acc": 0.050543416354249686,
  "avg_f1": 0.5876662345767919,
  "std_f1": 0.0824679019678757,
  "details": [
    {
      "loss": 0.9185838424902169,
      "acc": 0.5899280575539568,
      "f1": 0.5648854961832062,
      "auc": 0.7118143459915611,
      "cm": [
        [
          45,
          15
        ],
        [
          42,
          37
        ]
      ]
    },
    {
      "loss": 0.8371704864501953,
      "acc": 0.68,
      "f1": 0.6981132075471698,
      "auc": 0.7382305194805194,
      "cm": [
        [
          31,
          13
        ],
        [
          19,
          37
        ]
      ]
    },
    {
      "loss": 1.0300225374991434,
      "acc": 0.5614035087719298,
      "f1": 0.5,
      "auc": 0.6187363834422658,
      "cm": [
        [
          39,
          24
        ],
        [
          26,
          25
        ]
      ]
    }
  ]
}