{
  "sup": [
    1.3870036005973816,
    1.3837675750255585,
    1.3822984099388123,
    1.3828538954257965,
    1.3823316991329193,
    1.3794191777706146,
    1.3802990913391113,
    1.3786870241165161,
    1.375989854335785,
    1.3749399185180664,
    1.3735774159431458,
    1.3771861791610718,
    1.3748058676719666,
    1.3652944564819336,
    1.3644888997077942,
    1.3614848256111145,
    1.3667442500591278,
    1.3585571348667145,
    1.3507009446620941,
    1.3598101735115051,
    1.3694422543048859,
    1.363807052373886,
    1.3733320534229279,
    1.3484536409378052,
    1.3355221152305603,
    1.3539778590202332,
    1.360529899597168,
    1.3721563816070557,
    1.3408118784427643,
    1.357054054737091,
    1.3683525323867798,
    1.344965934753418,
    1.3658441603183746,
    1.362393707036972,
    1.3579141795635223,
    1.3624459505081177,
    1.340917855501175,
    1.3509228825569153,
    1.3672767579555511,
    1.3483843505382538,
    1.3544032871723175,
    1.3472818732261658,
    1.3406400382518768,
    1.3392608761787415,
    1.359196424484253,
    1.3479785919189453,
    1.3464331924915314,
    1.3677157759666443,
    1.343611091375351,
    1.3420569896697998,
    1.357345312833786,
    1.3515173196792603,
    1.338900476694107,
    1.3673568964004517,
    1.357343167066574,
    1.3452245891094208,
    1.3544346690177917,
    1.3473906517028809,
    1.3375224173069,
    1.3673798739910126,
    1.351465880870819,
    1.36391019821167,
    1.3622573912143707,
    1.3372868299484253,
    1.3559328615665436,
    1.362465888261795,
    1.3655116558074951,
    1.3659452199935913,
    1.3808210790157318,
    1.3571358025074005,
    1.3540079593658447,
    1.3345288038253784,
    1.3701996505260468,
    1.3466955721378326,
    1.3537590205669403,
    1.3420298993587494,
    1.3617344200611115,
    1.3534020781517029,
    1.3495962619781494,
    1.3497969508171082,
    1.3914560079574585,
    1.39791539311409,
    1.3931434750556946,
    1.384622871875763,
    1.3710043132305145,
    1.385130375623703,
    1.34054696559906,
    1.3469372391700745,
    1.3867928087711334,
    1.402600646018982,
    1.3485617339611053,
    1.3662939369678497,
    1.369668960571289,
    1.3549237847328186,
    1.343931794166565,
    1.3835601210594177,
    1.3755756616592407,
    1.3748247623443604,
    1.356160283088684,
    1.393153041601181
  ],
  "pl": [
    0.0,
    0.0,
    0.0,
    0.0,
    0.0,
    0.0,
    0.0,
    0.0,
    0.0,
    0.0,
    0.32823873311281204,
    0.3232588618993759,
    0.31949737668037415,
    0.313364215195179,
    0.3097366616129875,
    0.3057794123888016,
    0.29915131628513336,
    0.29525209218263626,
    0.2931059002876282,
    0.2908249571919441,
    0.28600195050239563,
    0.2851562425494194,
    0.28230978548526764,
    0.28214670717716217,
    0.2774224877357483,
    0.27655889838933945,
    0.2752831131219864,
    0.27235187590122223,
    0.2712731584906578,
    0.2708740383386612,
    0.26922012865543365,
    0.268209807574749,
    0.2655555456876755,
    0.26580841839313507,
    0.2629839852452278,
    0.26388876140117645,
    0.26259562373161316,
    0.26039668917655945,
    0.26011624187231064,
    0.259714275598526,
    0.2591300383210182,
    0.25772325694561005,
    0.25554466247558594,
    0.25483954697847366,
    0.25421192497015,
    0.2529631555080414,
    0.25179558992385864,
    0.2500394396483898,
    0.24874234199523926,
    0.24815253913402557,
    0.24752949178218842,
    0.24750953912734985,
    0.2463683895766735,
    0.24416174739599228,
    0.2434304766356945,
    0.24323120340704918,
    0.24196335673332214,
    0.2414267249405384,
    0.2410188391804695,
    0.24104373529553413,
    0.2374177761375904,
    0.23809094354510307,
    0.2382725365459919,
    0.23658693581819534,
    0.23690256476402283,
    0.23579084500670433,
    0.2332078143954277,
    0.23228343948721886,
    0.2316994108259678,
    0.2306726835668087,
    0.23045749962329865,
    0.22875864803791046,
    0.2292061373591423,
    0.22883084788918495,
    0.22843972966074944,
    0.2262820489704609,
    0.2259850911796093,
    0.2258463092148304,
    0.22270715236663818,
    0.22365890815854073,
    0.22158204019069672,
    0.22060501947999,
    0.21983329579234123,
    0.22057940810918808,
    0.2198052816092968,
    0.21863361075520515,
    0.21763523295521736,
    0.21611357107758522,
    0.2156207375228405,
    0.21636680141091347,
    0.2160329781472683,
    0.21368683874607086,
    0.21337974444031715,
    0.21265165507793427,
    0.21262956783175468,
    0.21167130395770073,
    0.20966429263353348,
    0.20876312628388405,
    0.20920145511627197,
    0.20707643404603004
  ],
  "con": [
    4.945726752281189,
    4.92694878578186,
    4.917160630226135,
    4.909268617630005,
    4.901714086532593,
    4.895817160606384,
    4.8819416761398315,
    4.880976915359497,
    4.878601312637329,
    4.876066207885742,
    4.918317437171936,
    4.921553373336792,
    4.917427659034729,
    4.911168336868286,
    4.916211366653442,
    4.9083510637283325,
    4.9164944887161255,
    4.903291821479797,
    4.905650019645691,
    4.911067485809326,
    4.9078062772750854,
    4.90990686416626,
    4.902765989303589,
    4.908942461013794,
    4.907074332237244,
    4.919435620307922,
    4.909791350364685,
    4.899688124656677,
    4.902932047843933,
    4.91101348400116,
    4.907620906829834,
    4.918318033218384,
    4.918762803077698,
    4.903663277626038,
    4.8985373973846436,
    4.919158577919006,
    4.903754830360413,
    4.929105520248413,
    4.924213528633118,
    4.906089425086975,
    4.905305981636047,
    4.908485054969788,
    4.90487277507782,
    4.917940139770508,
    4.903901934623718,
    4.918662071228027,
    4.920148015022278,
    4.8978111743927,
    4.916568875312805,
    4.907149314880371,
    4.909679174423218,
    4.915872097015381,
    4.914674758911133,
    4.917671322822571,
    4.90980589389801,
    4.918565511703491,
    4.9151451587677,
    4.911428689956665,
    4.925473570823669,
    4.922642469406128,
    4.902443289756775,
    4.920891761779785,
    4.911317944526672,
    4.91532039642334,
    4.915003299713135,
    4.9098052978515625,
    4.913877248764038,
    4.918850064277649,
    4.916030645370483,
    4.907479286193848,
    4.916436195373535,
    4.90546715259552,
    4.916531085968018,
    4.915097713470459,
    4.917788982391357,
    4.919304251670837,
    4.917131423950195,
    4.916359066963196,
    4.916259527206421,
    4.907986640930176,
    4.905554294586182,
    4.916027545928955,
    4.911823391914368,
    4.917560696601868,
    4.914719462394714,
    4.901370525360107,
    4.911236763000488,
    4.918353796005249,
    4.901754140853882,
    4.909678936004639,
    4.907577872276306,
    4.9121153354644775,
    4.914036393165588,
    4.911717653274536,
    4.911150813102722,
    4.9078826904296875,
    4.917673945426941,
    4.9125977754592896,
    4.915094494819641,
    4.908929705619812
  ],