{
  "folds": 3,
  "avg_acc": 0.6646611132146915,
  "std_acc": 0.060642641380118226,
  "avg_f1": 0.7076745449059639,
  "std_f1": 0.07194397356693154,
  "details": [
    {
      "loss": 0.7471228331970654,
      "acc": 0.7050359712230215,
      "f1": 0.7484662576687117,
      "auc": 0.7383966244725738,
      "cm": [
        [
          37,
          23
        ],
        [
          18,
          61
        ]
      ]
    },
    {
      "loss": 0.8907917594909668,
      "acc": 0.71,
      "f1": 0.768,
      "auc": 0.7386363636363635,
      "cm": [
        [
          23,
          21
        ],
        [
          8,
          48
        ]
      ]
    },
    {
      "loss": 1.069736162821452,
      "acc": 0.5789473684210527,
      "f1": 0.6065573770491803,
      "auc": 0.633675692499222,
      "cm": [
        [
          29,
          34
        ],
        [
          14,
          37
        ]
      ]
    }
  ]
}