{
  "folds": 3,
  "avg_acc": 0.6479944465480247,
  "std_acc": 0.05217077038856365,
  "avg_f1": 0.6957253116960221,
  "std_f1": 0.05929019107152135,
  "details": [
    {
      "loss": 0.7487363335039976,
      "acc": 0.7050359712230215,
      "f1": 0.7484662576687117,
      "auc": 0.7388185654008439,
      "cm": [
        [
          37,
          23
        ],
        [
          18,
          61
        ]
      ]
    },
    {
      "loss": 0.9267333602905273,
      "acc": 0.66,
      "f1": 0.7258064516129032,
      "auc": 0.7268668831168831,
      "cm": [
        [
          21,
          23
        ],
        [
          11,
          45
        ]
      ]
    },
    {
      "loss": 1.0605892549481308,
      "acc": 0.5789473684210527,
      "f1": 0.6129032258064516,
      "auc": 0.6455026455026455,
      "cm": [
        [
          28,
          35
        ],
        [
          13,
          38
        ]
      ]
    }
  ]
}