{
  "folds": 3,
  "avg_acc": 0.6408002019437081,
  "std_acc": 0.04477233779421772,
  "avg_f1": 0.6789918361815573,
  "std_f1": 0.06073438506227685,
  "details": [
    {
      "loss": 0.7716184931693317,
      "acc": 0.6834532374100719,
      "f1": 0.717948717948718,
      "auc": 0.730168776371308,
      "cm": [
        [
          39,
          21
        ],
        [
          23,
          56
        ]
      ]
    },
    {
      "loss": 0.9717503166198731,
      "acc": 0.66,
      "f1": 0.7258064516129032,
      "auc": 0.7000811688311688,
      "cm": [
        [
          21,
          23
        ],
        [
          11,
          45
        ]
      ]
    },
    {
      "loss": 1.0528227153577303,
      "acc": 0.5789473684210527,
      "f1": 0.5932203389830508,
      "auc": 0.6402116402116402,
      "cm": [
        [
          31,
          32
        ],
        [
          16,
          35
        ]
      ]
    }
  ]
}