{
  "folds": 1,
  "avg_acc": 0.6906474820143885,
  "std_acc": 0.0,
  "avg_f1": 0.7261146496815286,
  "std_f1": 0.0,
  "details": [
    {
      "loss": 0.7555881266971286,
      "acc": 0.6906474820143885,
      "f1": 0.7261146496815286,
      "auc": 0.7364978902953586,
      "cm": [
        [
          39,
          21
        ],
        [
          22,
          57
        ]
      ]
    }
  ]
}