{
  "sup": [
    1.3862240314483643,
    1.3639695644378662,
    1.369280457496643,
    1.3362425565719604,
    1.3684217929840088,
    1.3274898529052734,
    1.3206075429916382,
    1.3468927145004272,
    1.3345950841903687,
    1.3017256259918213,
    1.3366972208023071,
    1.2898277044296265,
    1.3480793237686157,
    1.3618364334106445,
    1.4173027276992798,
    1.3957774639129639,
    1.4985649585723877,
    1.5574836730957031,
    1.5106465816497803,
    1.593701720237732,
    1.3604753017425537,
    1.3754429817199707,
    1.2850956916809082,
    1.2137281894683838,
    1.1748872995376587,
    1.17164945602417,
    1.1083943843841553,
    1.105459213256836,
    1.0554958581924438,
    0.9632633328437805,
    0.9016032218933105,
    0.9337782859802246,
    0.8897497653961182,
    0.7827701568603516,
    0.6271326541900635,
    1.0048365592956543,
    0.8530994057655334,
    0.8440556526184082,
    0.7876144051551819,
    0.7276264429092407,
    0.6995916366577148,
    0.8311497569084167,
    0.6777502298355103,
    1.106116533279419,
    1.0299137830734253,
    0.7988419532775879,
    1.0001237392425537,
    0.6448420286178589,
    0.9029357433319092,
    0.9512690305709839,
    0.8455170392990112,
    0.6730890274047852,
    0.5487753748893738,
    0.936769962310791,
    0.898268461227417,
    0.5076650381088257,
    0.8133593797683716,
    1.0651602745056152,
    0.6388350129127502,
    0.948292076587677,
    0.729475736618042,
    0.8276056051254272,
    0.7472585439682007,
    0.7537240982055664,
    0.6063293218612671,
    0.5552495718002319,
    0.4932175278663635,
    0.7168081998825073,
    0.6344466805458069,
    0.8494433760643005,
    0.8562859892845154,
    0.5004370212554932,
    1.001499891281128,
    0.7298464179039001,
    0.7203915119171143,
    0.807494044303894,
    0.6662495136260986,
    0.6814620494842529,
    0.7443430423736572,
    0.8586422204971313,
    0.7305928468704224,
    0.705552339553833,
    0.7647027373313904,
    0.9539059996604919,
    0.9654303193092346,
    1.0250613689422607,
    0.6677481532096863,
    0.6868447661399841,
    0.8185560703277588,
    0.6717724800109863,
    0.7426384687423706,
    0.6771992444992065,
    0.9320870041847229,
    0.5476901531219482,
    0.6690917015075684,
    0.9202169179916382,
    0.7596049308776855,
    0.7462379932403564,
    0.7428306341171265,
    0.6569268703460693
  ],
  "pl": [
    0.0,
    0.0,
    0.0,
    0.0,
    0.0,
    0.0,
    0.0,
    0.0,
    0.0,
    0.0,
    0.2560701370239258,
    0.22177332639694214,
    0.1966840624809265,
    0.18351522088050842,
    0.1699768304824829,
    0.15816408395767212,
    0.14487449824810028,
    0.13234642148017883,
    0.12563107907772064,
    0.12188082188367844,
    0.11267092823982239,
    0.12764941155910492,
    0.15943889319896698,
    0.1727534830570221,
    0.17288541793823242,
    0.2252829521894455,
    0.22418071329593658,
    0.20637637376785278,
    0.20772410929203033,
    0.21528524160385132,
    0.1872568130493164,
    0.18386997282505035,
    0.13739539682865143,
    0.1250964254140854,
    0.13947950303554535,
    0.11512193828821182,
    0.09873557090759277,
    0.11092197149991989,
    0.07962766289710999,
    0.12049560248851776,
    0.09668029844760895,
    0.07966402918100357,
    0.088628388941288,
    0.06849471479654312,
    0.07205262035131454,
    0.059702906757593155,
    0.0496150478720665,
    0.05492599308490753,
    0.05282801762223244,
    0.055973995476961136,
    0.04598953574895859,
    0.057150524109601974,
    0.05834696814417839,
    0.050796736031770706,
    0.046879254281520844,
    0.0380094014108181,
    0.036142248660326004,
    0.03760946914553642,
    0.04302409291267395,
    0.02950679324567318,
    0.033884063363075256,
    0.05109041929244995,
    0.04278647527098656,
    0.052522432059049606,
    0.02827753871679306,
    0.04509449377655983,
    0.0369526669383049,
    0.024866225197911263,
    0.025374894961714745,
    0.03185432404279709,
    0.029900629073381424,
    0.025744616985321045,
    0.03936450555920601,
    0.047478921711444855,
    0.05489193648099899,
    0.04024286940693855,
    0.04224458709359169,
    0.04003603383898735,
    0.046692635864019394,
    0.021351125091314316,
    0.036436695605516434,
    0.03632038086652756,
    0.03615234047174454,
    0.03369443491101265,
    0.020971378311514854,
    0.020071709528565407,
    0.026839004829525948,
    0.03644833713769913,
    0.04206471890211105,
    0.035504620522260666,
    0.033578407019376755,
    0.037378523498773575,
    0.03651892766356468,
    0.029207181185483932,
    0.022189883515238762,
    0.029594749212265015,
    0.03797134384512901,
    0.03170958533883095,
    0.048104386776685715,
    0.030831364914774895
  ],
  "con": [
    4.928732872009277,
    4.84906530380249,
    4.847043991088867,
    4.846580982208252,
    4.843319416046143,
    4.8421630859375,
    4.837867736816406,
    4.837884902954102,
    4.839244842529297,
    4.838702201843262,
    4.925768852233887,
    4.934885501861572,
    4.960457801818848,
    4.899074554443359,
    4.902979373931885,
    4.924224853515625,
    4.8959150314331055,
    4.932110786437988,
    4.8922038078308105,
    4.940544128417969,
    4.986367225646973,
    5.073811054229736,
    5.1105732917785645,
    5.088261127471924,
    5.095362663269043,
    5.371631622314453,
    5.646173477172852,
    5.487430572509766,
    5.2581586837768555,
    5.097967624664307,
    5.050243377685547,
    5.197514533996582,
    5.291069030761719,
    5.20332670211792,
    5.131030559539795,
    5.632059097290039,
    5.812980651855469,
    5.404639720916748,
    5.1930460929870605,
    4.975777626037598,
    4.933348178863525,
    5.0019354820251465,
    4.964129447937012,
    5.362472057342529,
    5.132014274597168,
    5.176692008972168,
    5.262544631958008,
    4.890814304351807,
    5.151515483856201,
    5.030327796936035,
    4.905195236206055,
    4.871769905090332,
    4.7991180419921875,
    4.973134994506836,
    5.059881210327148,
    4.7947998046875,
    4.942049980163574,
    5.087528228759766,
    4.910499572753906,
    5.050051689147949,
    4.902824401855469,
    4.937471389770508,
    4.881282329559326,
    4.947596549987793,
    4.79043436050415,
    4.792346477508545,
    4.8062005043029785,
    4.965676307678223,
    4.8549041748046875,
    5.0499491691589355,
    5.01147985458374,
    4.819687843322754,
    5.055095672607422,
    4.908877372741699,
    4.895606994628906,
    4.965139389038086,
    4.898728370666504,
    4.882997989654541,
    4.887974739074707,
    4.987244129180908,
    4.884441375732422,
    4.857492923736572,
    4.9117584228515625,
    5.032129287719727,
    4.9613871574401855,
    4.923491954803467,
    4.8300862312316895,
    4.850741386413574,
    4.8985772132873535,
    4.876912593841553,
    4.888729095458984,
    4.870955467224121,
    4.981648921966553,
    4.833272457122803,
    4.908641338348389,
    4.979410171508789,
    4.8654890060424805,
    4.934684753417969,
    4.915966987609863,
    4.848983287811279
  ],