{
  "folds": 1,
  "avg_acc": 0.513347921225383,
  "std_acc": 0.0,
  "avg_f1": 0.48990825688073397,
  "std_f1": 0.0,
  "details": [
    {
      "loss": 5.270785065448519,
      "acc": 0.513347921225383,
      "f1": 0.48990825688073397,
      "auc": 0.5846710584511957,
      "cm": [
        [
          1278,
          426
        ],
        [
          1798,
          1068
        ]
      ]
    }
  ]
}