{
  "folds": 3,
  "avg_acc": 0.608571668980605,
  "std_acc": 0.05055490959443855,
  "avg_f1": 0.5842606777361207,
  "std_f1": 0.08253634130584933,
  "details": [
    {
      "loss": 0.912923545288525,
      "acc": 0.5755395683453237,
      "f1": 0.549618320610687,
      "auc": 0.7105485232067511,
      "cm": [
        [
          44,
          16
        ],
        [
          43,
          36
        ]
      ]
    },
    {
      "loss": 0.8322173690795899,
      "acc": 0.68,
      "f1": 0.6981132075471698,
      "auc": 0.7378246753246753,
      "cm": [
        [
          31,
          13
        ],
        [
          19,
          37
        ]
      ]
    },
    {
      "loss": 1.032012705217328,
      "acc": 0.5701754385964912,
      "f1": 0.5050505050505051,
      "auc": 0.6196700902583255,
      "cm": [
        [
          40,
          23
        ],
        [
          26,
          25
        ]
      ]
    }
  ]
}