{
  "sup": [
    1.3862240314483643,
    1.3549256324768066,
    1.3692128658294678,
    1.334228515625,
    1.3655773401260376,
    1.3237208127975464,
    1.313428521156311,
    1.3276431560516357,
    1.3095518350601196,
    1.268265724182129,
    1.2956472635269165,
    1.2307413816452026,
    1.2141475677490234,
    1.1470907926559448,
    1.082603931427002,
    0.9803466796875,
    1.1485471725463867,
    1.0004019737243652,
    1.0422145128250122,
    1.0291428565979004,
    0.9349013566970825,
    1.0556700229644775,
    1.0097436904907227,
    0.9025598764419556,
    0.7993670701980591,
    0.8514821529388428,
    0.7642797827720642,
    0.8677312135696411,
    0.8890749216079712,
    0.8414649963378906,
    0.8018509149551392,
    0.7285506725311279,
    0.7473620176315308,
    0.7577086687088013,
    0.5994718074798584,
    0.8279632329940796,
    0.8174265027046204,
    0.7341103553771973,
    0.6651708483695984,
    0.6320164203643799,
    0.5706496834754944,
    0.6811543107032776,
    0.6593104600906372,
    0.9684144258499146,
    0.6565272808074951,
    0.7098124623298645,
    0.7424240112304688,
    0.5507937073707581,
    0.793310284614563,
    0.6950383186340332
  ],
  "pl": [
    0.0,
    0.0,
    0.0,
    0.0,
    0.0,
    0.0,
    0.0,
    0.0,
    0.0,
    0.0,
    0.0,
    0.0,
    0.0,
    0.0,
    0.0,
    0.0,
    0.0,
    0.0,
    0.0,
    0.0,
    0.0,
    0.0,
    0.0,
    0.0,
    0.0,
    0.0,
    0.0,
    0.0,
    0.0,
    0.0,
    0.0,
    0.0,
    0.0,
    0.0,
    0.0,
    0.0,
    0.0,
    0.0,
    0.0,
    0.0,
    0.0,
    0.0,
    0.0,
    0.0,
    0.0,
    0.0,
    0.0,
    0.0,
    0.0,
    0.0
  ],
  "con": [
    4.928732872009277,
    4.849862575531006,
    4.846611022949219,
    4.846017837524414,
    4.839511871337891,
    4.837226867675781,
    4.832385063171387,
    4.853784084320068,
    4.90432071685791,
    5.007171630859375,
    4.953660011291504,
    4.892270088195801,
    4.9950056076049805,
    4.819815635681152,
    5.059415817260742,
    5.4627299308776855,
    5.526274681091309,
    5.159477710723877,
    5.207133769989014,
    4.855289459228516,
    5.000446319580078,
    4.990631580352783,
    4.946349143981934,
    5.078683376312256,
    4.873488426208496,
    5.055614471435547,
    5.140969276428223,
    4.820102691650391,
    5.178088188171387,
    5.159982681274414,
    5.227069854736328,
    5.010536193847656,
    4.771182060241699,
    4.69525146484375,
    4.71531867980957,
    4.8748087882995605,
    5.045743942260742,
    4.936642646789551,
    4.783763885498047,
    4.623950004577637,
    4.706874847412109,
    4.854343414306641,
    4.8246612548828125,
    5.142066955566406,
    4.80865478515625,
    4.710147857666016,
    4.746001243591309,
    4.59848690032959,
    4.754057884216309,
    4.708076477050781
  ],
  "pl_ratio": [
    0.0,
    0.0,
    0.0,
    0.0,
    0.0,
    0.0,
    0.0,
    0.0,
    0.0,
    0.0,
    0.0,
    0.0,
    0.0,
    0.0,
    0.0,
    0.0,
    0.0,
    0.0,
    0.0,
    0.0,
    0.0,
    0.0,
    0.0,
    0.0,
    0.0,
    0.0,
    0.0,
    0.0,
    0.0,
    0.0,
    0.0,
    0.0,
    0.0,
    0.0,
    0.0,
    0.0,
    0.0,
    0.0,
    0.0,
    0.0,
    0.0,
    0.0,
    0.0,
    0.0,
    0.0,
    0.0,
    0.0,
    0.0,
    0.0,
    0.0
  ]
}