{
  "folds": 3,
  "avg_acc": 0.6441335352770415,
  "std_acc": 0.04641964139769254,
  "avg_f1": 0.6722166722166723,
  "std_f1": 0.07136953240154527,
  "details": [
    {
      "loss": 0.7698130538995317,
      "acc": 0.6834532374100719,
      "f1": 0.717948717948718,
      "auc": 0.7470464135021097,
      "cm": [
        [
          39,
          21
        ],
        [
          23,
          56
        ]
      ]
    },
    {
      "loss": 0.9564877891540527,
      "acc": 0.67,
      "f1": 0.7272727272727273,
      "auc": 0.7045454545454545,
      "cm": [
        [
          23,
          21
        ],
        [
          12,
          44
        ]
      ]
    },
    {
      "loss": 1.1109522769325657,
      "acc": 0.5789473684210527,
      "f1": 0.5714285714285714,
      "auc": 0.642390289449113,
      "cm": [
        [
          34,
          29
        ],
        [
          19,
          32
        ]
      ]
    }
  ]
}